{"cameraMode":{"drawMode":0,"name":"Shaded","section":"Shading Mode"},"sceneLighting":false,"audioPlay":false,"sceneViewState":{"showFog":true,"showMaterialUpdate":false,"showSkybox":false,"showFlares":true,"showImageEffects":true,"showParticleSystems":true},"in2DMode":false,"pivot":{"x":0.0000017881393432617188,"y":1.503180980682373,"z":0.016342580318450929},"rotation":{"x":-0.29870256781578066,"y":-0.2885262668132782,"z":0.09526389837265015,"w":-0.9046845436096191},"size":7.669738292694092,"orthographic":false}