{"cameraMode":{"drawMode":0,"name":"Shaded","section":"Shading Mode"},"sceneLighting":false,"audioPlay":false,"sceneViewState":{"showFog":true,"showMaterialUpdate":false,"showSkybox":false,"showFlares":true,"showImageEffects":true,"showParticleSystems":true},"in2DMode":false,"pivot":{"x":-3.9800000190734865,"y":0.16349992156028748,"z":0.0},"rotation":{"x":-0.23969095945358277,"y":-0.05182062089443207,"z":0.012813780456781388,"w":-0.9693806171417236},"size":4.834524631500244,"orthographic":false}